PERSON_ID,PLAYER_NAME,GP,PTS,REB,AST,PTS_PER_G,REB_PER_G,AST_PER_G,TEAM_ABBREVIATION,SEASON,OVERALL_PICK,ROUND_NUMBER
202322,John Wall,647,12088,2704,5735,18.7,4.2,8.9,WAS,2010,1,1
202323,Evan Turner,705,6824,3278,2462,9.7,4.6,3.5,PHI,2010,2,1
202324,Derrick Favors,790,8354,5608,851,10.6,7.1,1.1,NJN,2010,3,1
202325,Wesley Johnson,609,4235,1924,645,7.0,3.2,1.1,MIN,2010,4,1
202326,DeMarcus Cousins,654,12802,6664,1979,19.6,10.2,3.0,SAC,2010,5,1
202327,Ekpe Udoh,384,1353,1100,260,3.5,2.9,0.7,GSW,2010,6,1
202328,Greg Monroe,646,8402,5293,1376,13.0,8.2,2.1,DET,2010,7,1
202329,Al-Farouq Aminu,711,5350,4280,879,7.5,6.0,1.2,LAC,2010,8,1
202330,Gordon Hayward,835,12687,3698,2940,15.2,4.4,3.5,UTA,2010,9,1
202331,Paul George,935,19128,5823,3469,20.5,6.2,3.7,IND,2010,10,1
202332,Cole Aldrich,339,1050,1131,183,3.1,3.3,0.5,NOH,2010,11,1
202333,Xavier Henry,185,1050,351,120,5.7,1.9,0.6,MEM,2010,12,1
202334,Ed Davis,722,4291,4616,539,5.9,6.4,0.7,TOR,2010,13,1
202335,Patrick Patterson,719,4782,2799,736,6.7,3.9,1.0,HOU,2010,14,1
202336,Larry Sanders,238,1520,1345,174,6.4,5.7,0.7,MIL,2010,15,1
202337,Luke Babbitt,381,1818,846,224,4.8,2.2,0.6,MIN,2010,16,1
202338,Kevin Seraphin,423,2516,1462,246,5.9,3.5,0.6,CHI,2010,17,1
202339,Eric Bledsoe,756,10348,2937,3545,13.7,3.9,4.7,OKC,2010,18,1
202340,Avery Bradley,660,7279,1863,1105,11.0,2.8,1.7,BOS,2010,19,1
202341,James Anderson,247,1422,560,291,5.8,2.3,1.2,SAS,2010,20,1
202342,Craig Brackins,17,30,19,9,1.8,1.1,0.5,OKC,2010,21,1
202343,Elliot Williams,109,537,161,94,4.9,1.5,0.9,POR,2010,22,1
202344,Trevor Booker,532,3679,2932,565,6.9,5.5,1.1,MIN,2010,23,1
202345,Damion James,39,150,131,26,3.8,3.4,0.7,ATL,2010,24,1
202346,Dominique Jones,80,246,114,144,3.1,1.4,1.8,MEM,2010,25,1
202347,Quincy Pondexter,355,1609,640,263,4.5,1.8,0.7,OKC,2010,26,1
202348,Jordan Crawford,281,3432,703,883,12.2,2.5,3.1,NJN,2010,27,1
202349,Greivis Vasquez,401,3591,1021,1935,9.0,2.5,4.8,MEM,2010,28,1
202350,Daniel Orton,51,143,126,24,2.8,2.5,0.5,ORL,2010,29,1
202351,Lazar Hayward,72,207,90,35,2.9,1.2,0.5,WAS,2010,30,1
202353,Tibor Pleiss,12,24,15,2,2.0,1.2,0.2,NJN,2010,31,2
202354,Dexter Pittman,50,116,89,9,2.3,1.8,0.2,MIA,2010,32,2
202355,Hassan Whiteside,511,6450,5523,326,12.6,10.8,0.6,SAC,2010,33,2
202356,Armon Johnson,47,157,49,56,3.3,1.0,1.2,POR,2010,34,2
202357,Nemanja Bjelica,449,3412,2051,825,7.6,4.6,1.8,WAS,2010,35,2
202360,Andy Rautins,5,8,1,3,1.6,0.2,0.6,NYK,2010,38,2
202361,Landry Fields,255,1731,1092,419,6.8,4.3,1.6,NYK,2010,39,2
202362,Lance Stephenson,554,4738,2251,1621,8.6,4.1,2.9,IND,2010,40,2
202363,Jarvis Varnado,37,107,72,16,2.9,1.9,0.4,MIA,2010,41,2
202365,Devin Ebanks,63,224,122,24,3.6,1.9,0.4,LAL,2010,43,2
202366,Jerome Jordan,65,180,132,17,2.8,2.0,0.3,MIL,2010,44,2
202371,Gani Lawal,1,0,0,0,0.0,0.0,0.0,PHX,2010,46,2
202374,Solomon Alabi,26,39,61,5,1.5,2.3,0.2,DAL,2010,50,2
202376,Luke Harangody,70,253,196,36,3.6,2.8,0.5,BOS,2010,52,2
202377,Pape Sy,3,7,3,2,2.3,1.0,0.7,ATL,2010,53,2
202378,Willie Warren,19,37,12,27,1.9,0.6,1.4,LAC,2010,54,2
202379,Jeremy Evans,250,879,641,107,3.5,2.6,0.4,UTA,2010,55,2
202380,Hamady Ndiaye,33,20,25,3,0.6,0.8,0.1,MIN,2010,56,2
202382,Derrick Caracter,41,81,43,7,2.0,1.0,0.2,LAL,2010,58,2
202681,Kyrie Irving,779,18433,3173,4365,23.7,4.1,5.6,CLE,2011,1,1
202682,Derrick Williams,428,3809,1693,293,8.9,4.0,0.7,MIN,2011,2,1
202683,Enes Freedom,748,8349,5822,638,11.2,7.8,0.9,UTA,2011,3,1
202684,Tristan Thompson,819,6822,6428,800,8.3,7.8,1.0,CLE,2011,4,1
202685,Jonas Valančiūnas,987,12721,8981,1362,12.9,9.1,1.4,TOR,2011,5,1
202686,Jan Vesely,162,590,562,96,3.6,3.5,0.6,WAS,2011,6,1
202687,Bismack Biyombo,883,4406,5122,586,5.0,5.8,0.7,SAC,2011,7,1
202688,Brandon Knight,451,6301,1385,1777,14.0,3.1,3.9,DET,2011,8,1
202689,Kemba Walker,750,14486,2831,3938,19.3,3.8,5.3,CHA,2011,9,1
202690,Jimmer Fredette,241,1438,243,331,6.0,1.0,1.4,MIL,2011,10,1
202691,Klay Thompson,919,17155,3167,2062,18.7,3.4,2.2,GSW,2011,11,1
202692,Alec Burks,791,8346,2642,1521,10.6,3.3,1.9,UTA,2011,12,1
202693,Markieff Morris,791,8076,3847,1221,10.2,4.9,1.5,PHX,2011,13,1
202694,Marcus Morris Sr.,832,9965,3690,1235,12.0,4.4,1.5,HOU,2011,14,1
202695,Kawhi Leonard,779,16013,4953,2408,20.6,6.4,3.1,IND,2011,15,1
202696,Nikola Vučević,1030,17647,10683,3014,17.1,10.4,2.9,PHI,2011,16,1
202697,Iman Shumpert,461,3320,1534,845,7.2,3.3,1.8,NYK,2011,17,1
202698,Chris Singleton,148,612,472,92,4.1,3.2,0.6,WAS,2011,18,1
202699,Tobias Harris,1013,16172,6194,2394,16.0,6.1,2.4,CHA,2011,19,1
202700,Donatas Motiejunas,251,1832,952,269,7.3,3.8,1.1,MIN,2011,20,1
202701,Nolan Smith,84,277,83,97,3.3,1.0,1.2,POR,2011,21,1
202702,Kenneth Faried,478,5430,3884,470,11.4,8.1,1.0,DEN,2011,22,1
202703,Nikola Mirotic,319,3910,1894,407,12.3,5.9,1.3,HOU,2011,23,1
202704,Reggie Jackson,884,10845,2463,3606,12.3,2.8,4.1,OKC,2011,24,1
202705,MarShon Brooks,200,1592,424,282,8.0,2.1,1.4,BOS,2011,25,1
202706,Jordan Hamilton,151,890,429,127,5.9,2.8,0.8,DAL,2011,26,1
202707,JaJuan Johnson,36,114,58,6,3.2,1.6,0.2,NJN,2011,27,1
202708,Norris Cole,360,2506,702,981,7.0,2.0,2.7,CHI,2011,28,1
202709,Cory Joseph,866,5828,2094,2517,6.7,2.4,2.9,SAS,2011,29,1
202710,Jimmy Butler III,907,16658,4858,3957,18.4,5.4,4.4,CHI,2011,30,1
202711,Bojan Bogdanovic,719,11184,2559,1194,15.6,3.6,1.7,MIA,2011,31,2
202712,Justin Harper,22,45,18,4,2.0,0.8,0.2,CLE,2011,32,2
202713,Kyle Singler,356,2326,1026,272,6.5,2.9,0.8,DET,2011,33,2
202714,Shelvin Mack,456,2997,894,1421,6.6,2.0,3.1,WAS,2011,34,2
202715,Tyler Honeycutt,24,28,24,9,1.2,1.0,0.4,SAC,2011,35,2
202716,Jordan Williams,43,197,156,11,4.6,3.6,0.3,NJN,2011,36,2
202717,Trey Thompkins,24,57,24,3,2.4,1.0,0.1,LAC,2011,37,2
202718,Chandler Parsons,440,5571,1972,1201,12.7,4.5,2.7,HOU,2011,38,2
202719,Jeremy Tyler,104,373,269,25,3.6,2.6,0.2,CHA,2011,39,2
202720,Jon Leuer,377,2395,1426,301,6.4,3.8,0.8,MIL,2011,40,2
202721,Darius Morris,132,430,126,189,3.3,1.0,1.4,LAL,2011,41,2
202722,Davis Bertans,475,3661,1159,448,7.7,2.4,0.9,IND,2011,42,2
202723,Malcolm Lee,36,140,65,51,3.9,1.8,1.4,CHI,2011,43,2
202724,Charles Jenkins,110,408,100,214,3.7,0.9,1.9,GSW,2011,44,2
202725,Josh Harrellson,75,265,227,26,3.5,3.0,0.3,NOH,2011,45,2
202726,Andrew Goudelock,49,197,34,24,4.0,0.7,0.5,LAL,2011,46,2
202727,Travis Leslie,10,14,9,5,1.4,0.9,0.5,LAC,2011,47,2
202729,Josh Selby,38,83,20,34,2.2,0.5,0.9,MEM,2011,49,2
202730,Lavoy Allen,388,1847,1843,384,4.8,4.8,1.0,PHI,2011,50,2
202731,Vernon Macklin,23,46,34,5,2.0,1.5,0.2,DET,2011,52,2
202732,DeAndre Liggins,177,346,252,122,2.0,1.4,0.7,ORL,2011,53,2
202734,E'Twaun Moore,598,4743,1208,1055,7.9,2.0,1.8,BOS,2011,55,2
202738,Isaiah Thomas,556,9723,1320,2641,17.5,2.4,4.8,SAC,2011,60,2
203076,Anthony Davis,807,19385,8636,2065,24.0,10.7,2.6,NOH,2012,1,1
203077,Michael Kidd-Gilchrist,446,3750,2420,515,8.4,5.4,1.2,CHA,2012,2,1
203078,Bradley Beal,807,17306,3251,3442,21.4,4.0,4.3,WAS,2012,3,1
203079,Dion Waiters,419,5505,1108,1163,13.1,2.6,2.8,CLE,2012,4,1
203080,Thomas Robinson,313,1528,1507,190,4.9,4.8,0.6,SAC,2012,5,1
203081,Damian Lillard,900,22598,3845,6069,25.1,4.3,6.7,POR,2012,6,1
203084,Harrison Barnes,1053,14416,4913,1863,13.7,4.7,1.8,GSW,2012,7,1
203082,Terrence Ross,733,8047,2061,936,11.0,2.8,1.3,TOR,2012,8,1
203083,Andre Drummond,949,11602,11375,1151,12.2,12.0,1.2,DET,2012,9,1
203085,Austin Rivers,707,5996,1442,1513,8.5,2.0,2.1,NOH,2012,10,1
203086,Meyers Leonard,456,2545,1771,396,5.6,3.9,0.9,POR,2012,11,1
203087,Jeremy Lamb,573,5805,2073,904,10.1,3.6,1.6,HOU,2012,12,1
203088,Kendall Marshall,160,802,253,779,5.0,1.6,4.9,PHX,2012,13,1
203089,John Henson,445,3383,2368,496,7.6,5.3,1.1,MIL,2012,14,1
203090,Maurice Harkless,621,4259,2198,572,6.9,3.5,0.9,PHI,2012,15,1
203091,Royce White,3,0,0,0,0.0,0.0,0.0,HOU,2012,16,1
203092,Tyler Zeller,414,2873,1820,367,6.9,4.4,0.9,DAL,2012,17,1
203093,Terrence Jones,234,2431,1334,238,10.4,5.7,1.0,HOU,2012,18,1
203094,Andrew Nicholson,285,1700,857,126,6.0,3.0,0.4,ORL,2012,19,1
203095,Evan Fournier,704,9607,1878,1760,13.6,2.7,2.5,DEN,2012,20,1
203096,Jared Sullinger,269,2893,2006,477,10.8,7.5,1.8,BOS,2012,21,1
203097,Fab Melo,6,7,3,0,1.2,0.5,0.0,BOS,2012,22,1
203098,John Jenkins,171,855,250,138,5.0,1.5,0.8,ATL,2012,23,1
203099,Jared Cunningham,84,197,56,39,2.3,0.7,0.5,CLE,2012,24,1
203100,Tony Wroten,145,1604,363,437,11.1,2.5,3.0,MEM,2012,25,1
203101,Miles Plumlee,346,1697,1562,178,4.9,4.5,0.5,IND,2012,26,1
203102,Arnett Moultrie,59,210,180,12,3.6,3.1,0.2,MIA,2012,27,1
203103,Perry Jones III,143,488,252,54,3.4,1.8,0.4,OKC,2012,28,1
203104,Marquis Teague,91,217,90,134,2.4,1.0,1.5,CHI,2012,29,1
203105,Festus Ezeli,170,712,725,63,4.2,4.3,0.4,GSW,2012,30,1
203106,Jeffery Taylor,132,807,263,107,6.1,2.0,0.8,CHA,2012,31,2
203107,Tomas Satoransky,388,2676,1117,1586,6.9,2.9,4.1,WAS,2012,32,2
203108,Bernard James,92,203,212,13,2.2,2.3,0.1,CLE,2012,33,2
203109,Jae Crowder,812,7515,3391,1281,9.3,4.2,1.6,CLE,2012,34,2
203110,Draymond Green,931,8084,6368,5206,8.7,6.8,5.6,GSW,2012,35,2
203111,Orlando Johnson,103,329,180,69,3.2,1.7,0.7,SAC,2012,36,2
203112,Quincy Acy,337,1642,1179,217,4.9,3.5,0.6,TOR,2012,37,2
203113,Quincy Miller,69,295,169,37,4.3,2.4,0.5,DEN,2012,38,2
203114,Khris Middleton,818,13353,3866,3200,16.3,4.7,3.9,DET,2012,39,2
203115,Will Barton,679,7625,2792,1817,11.2,4.1,2.7,POR,2012,40,2
203116,Tyshawn Taylor,61,174,33,57,2.9,0.5,0.9,POR,2012,41,2
203117,Doron Lamb,100,345,95,75,3.4,1.0,0.8,MIL,2012,42,2
203118,Mike Scott,555,3736,1727,499,6.7,3.1,0.9,ATL,2012,43,2
203119,Kim English,41,119,37,26,2.9,0.9,0.6,DET,2012,44,2
203120,Justin Hamilton,113,687,403,91,6.1,3.6,0.8,PHI,2012,45,2
203121,Darius Miller,271,1597,447,367,5.9,1.6,1.4,NOH,2012,46,2
203122,Kevin Murphy,17,15,4,2,0.9,0.2,0.1,UTA,2012,47,2
203123,Kostas Papanikolaou,69,249,158,101,3.6,2.3,1.5,NYK,2012,48,2
203124,Kyle O'Quinn,472,2568,2166,643,5.4,4.6,1.4,ORL,2012,49,2
203126,Kris Joseph,10,9,7,1,0.9,0.7,0.1,BOS,2012,51,2
203136,Ognjen Kuzmic,37,35,38,8,0.9,1.0,0.2,GSW,2012,52,2
203128,Furkan Aldemir,41,93,176,28,2.3,4.3,0.7,LAC,2012,53,2
203129,Tornike Shengelia,45,59,39,17,1.3,0.9,0.4,PHI,2012,54,2
203133,Robbie Hummel,98,379,266,50,3.9,2.7,0.5,MIN,2012,58,2
203135,Robert Sacre,189,787,593,126,4.2,3.1,0.7,LAL,2012,60,2
203461,Anthony Bennett,151,658,472,77,4.4,3.1,0.5,CLE,2013,1,1
203506,Victor Oladipo,504,8503,2245,1970,16.9,4.5,3.9,ORL,2013,2,1
203490,Otto Porter Jr.,527,5419,2599,783,10.3,4.9,1.5,WAS,2013,3,1
203469,Cody Zeller,552,4376,3125,740,7.9,5.7,1.3,CHA,2013,4,1
203458,Alex Len,690,4608,3624,589,6.7,5.3,0.9,PHX,2013,5,1
203457,Nerlens Noel,467,3338,2834,501,7.1,6.1,1.1,NOP,2013,6,1
203463,Ben McLemore,556,5015,1269,563,9.0,2.3,1.0,SAC,2013,7,1
203484,Kentavious Caldwell-Pope,963,10600,2833,1791,11.0,2.9,1.9,DET,2013,8,1
203504,Trey Burke,498,4792,878,1522,9.6,1.8,3.1,MIN,2013,9,1
203468,CJ McCollum,844,16482,3062,3207,19.5,3.6,3.8,POR,2013,10,1
203487,Michael Carter-Williams,395,4040,1718,1708,10.2,4.3,4.3,PHI,2013,11,1
203500,Steven Adams,796,6930,6391,1193,8.7,8.0,1.5,OKC,2013,12,1
203482,Kelly Olynyk,834,8253,4185,2013,9.9,5.0,2.4,DAL,2013,13,1
203498,Shabazz Muhammad,278,2504,770,151,9.0,2.8,0.5,UTA,2013,14,1
203507,Giannis Antetokounmpo,890,21396,8842,4458,24.0,9.9,5.0,MIL,2013,15,1
203512,Lucas Nogueira,141,446,388,72,3.2,2.8,0.5,BOS,2013,16,1
203471,Dennis Schröder,894,12362,2578,4360,13.8,2.9,4.9,ATL,2013,17,1
203499,Shane Larkin,256,1399,490,737,5.5,1.9,2.9,ATL,2013,18,1
203508,Sergey Karasev,95,287,140,87,3.0,1.5,0.9,CLE,2013,19,1
203503,Tony Snell,601,3672,1371,669,6.1,2.3,1.1,CHI,2013,20,1
203476,Gorgui Dieng,628,4591,3534,837,7.3,5.6,1.3,UTA,2013,21,1
203486,Mason Plumlee,874,6944,5807,2061,7.9,6.6,2.4,BKN,2013,22,1
203524,Solomon Hill,448,2453,1399,662,5.5,3.1,1.5,IND,2013,23,1
203501,Tim Hardaway Jr.,874,11997,2500,1567,13.7,2.9,1.8,NYK,2013,24,1
203493,Reggie Bullock Jr.,556,4039,1451,647,7.3,2.6,1.2,LAC,2013,25,1
203460,Andre Roberson,307,1382,1230,265,4.5,4.0,0.9,MIN,2013,26,1
203497,Rudy Gobert,887,11093,10366,1223,12.5,11.7,1.4,DEN,2013,27,1
203462,Archie Goodwin,165,1040,331,206,6.3,2.0,1.2,OKC,2013,29,1
203517,Nemanja Nedovic,24,26,15,13,1.1,0.6,0.5,PHX,2013,30,1
203459,Allen Crabbe,381,3453,1073,434,9.1,2.8,1.1,CLE,2013,31,2
203518,Alex Abrines,174,924,248,88,5.3,1.4,0.5,OKC,2013,32,2
203467,Carrick Felix,7,19,6,4,2.7,0.9,0.6,CLE,2013,33,2
203477,Isaiah Canaan,235,1913,438,454,8.1,1.9,1.9,HOU,2013,34,2
203318,Glen Rice,16,43,24,9,2.7,1.5,0.6,PHI,2013,35,2
203492,Ray McCallum,154,920,306,368,6.0,2.0,2.4,SAC,2013,36,2
203502,Tony Mitchell,21,22,26,2,1.0,1.2,0.1,DET,2013,37,2
203489,Nate Wolters,84,461,185,209,5.5,2.2,2.5,WAS,2013,38,2
203481,Jeff Withey,207,666,518,64,3.2,2.5,0.3,POR,2013,39,2
203511,Grant Jerrett,8,16,9,3,2.0,1.1,0.4,POR,2013,40,2
203479,Jamaal Franklin,24,42,25,9,1.8,1.0,0.4,MEM,2013,41,2
203495,Ricky Ledo,28,109,38,21,3.9,1.4,0.8,MIL,2013,43,2
203488,Mike Muscala,548,3206,1699,464,5.9,3.1,0.8,DAL,2013,44,2
203475,Erick Green,52,159,37,42,3.1,0.7,0.8,UTA,2013,46,2
203526,Raul Neto,435,2470,658,913,5.7,1.5,2.1,ATL,2013,47,2
203527,Ryan Kelly,163,981,504,215,6.0,3.1,1.3,LAL,2013,48,2
203513,Erik Murphy,24,6,8,2,0.2,0.3,0.1,CHI,2013,49,2
203516,James Ennis III,395,2629,1306,373,6.7,3.3,0.9,ATL,2013,50,2
203485,Lorenzo Brown,103,293,151,183,2.8,1.5,1.8,MIN,2013,52,2
203530,Joffrey Lauvergne,208,1159,789,180,5.6,3.8,0.9,MEM,2013,55,2
203491,Peyton Siva,24,54,14,34,2.2,0.6,1.4,DET,2013,56,2
203952,Andrew Wiggins,821,15053,3705,1909,18.3,4.5,2.3,CLE,2014,1,1
203953,Jabari Parker,310,4380,1703,610,14.1,5.5,2.0,MIL,2014,2,1
203954,Joel Embiid,485,13401,5236,1788,27.6,10.8,3.7,PHI,2014,3,1
203932,Aaron Gordon,743,10163,4616,1997,13.7,6.2,2.7,ORL,2014,4,1
203957,Dante Exum,320,1991,623,728,6.2,1.9,2.3,UTA,2014,5,1
203935,Marcus Smart,685,7208,2326,3034,10.5,3.4,4.4,BOS,2014,6,1
203944,Julius Randle,771,14830,6910,3037,19.2,9.0,3.9,LAL,2014,7,1
203917,Nik Stauskas,343,2290,691,515,6.7,2.0,1.5,SAC,2014,8,1
203943,Noah Vonleh,362,1685,1790,264,4.7,4.9,0.7,CHA,2014,9,1
203901,Elfrid Payton,524,5121,2086,3033,9.8,4.0,5.8,PHI,2014,10,1
203926,Doug McDermott,709,6050,1464,668,8.5,2.1,0.9,DEN,2014,11,1
203967,Dario Saric,498,5118,2632,942,10.3,5.3,1.9,ORL,2014,12,1
203897,Zach LaVine,693,14338,2773,2684,20.7,4.0,3.9,MIN,2014,13,1
203933,T.J. Warren,385,5497,1515,446,14.3,3.9,1.2,PHX,2014,14,1
203940,Adreian Payne,107,429,315,66,4.0,2.9,0.6,ATL,2014,15,1
203994,Jusuf Nurkić,631,7438,5644,1664,11.8,8.9,2.6,CHI,2014,16,1
203923,James Young,95,219,96,28,2.3,1.0,0.3,BOS,2014,17,1
203898,Tyler Ennis,186,779,250,359,4.2,1.3,1.9,PHX,2014,18,1
203914,Gary Harris,660,6544,1471,1185,9.9,2.2,1.8,CHI,2014,19,1
203998,Bruno Caboclo,105,442,268,72,4.2,2.6,0.7,TOR,2014,20,1
203956,Mitch McGary,52,227,183,17,4.4,3.5,0.3,OKC,2014,21,1
203919,Jordan Adams,32,101,30,19,3.2,0.9,0.6,MEM,2014,22,1
203918,Rodney Hood,448,4656,1160,736,10.4,2.6,1.6,UTA,2014,23,1
203894,Shabazz Napier,345,2433,657,849,7.1,1.9,2.5,CHA,2014,24,1
203991,Clint Capela,718,8150,7227,708,11.4,10.1,1.0,HOU,2014,25,1
203798,PJ Hairston,111,664,266,59,6.0,2.4,0.5,MIA,2014,26,1
203992,Bogdan Bogdanović,521,7311,1732,1664,14.0,3.3,3.2,PHX,2014,27,1
203912,C.J. Wilcox,66,132,31,30,2.0,0.5,0.5,LAC,2014,28,1
203962,Josh Huestis,76,187,180,23,2.5,2.4,0.3,OKC,2014,29,1
203937,Kyle Anderson,738,5055,3147,2042,6.8,4.3,2.8,SAS,2014,30,1
203996,Damien Inglis,20,36,31,10,1.8,1.6,0.5,MIL,2014,31,2
203909,KJ McDaniels,148,782,324,95,5.3,2.2,0.6,PHI,2014,32,2
203925,Joe Harris,504,5185,1521,790,10.3,3.0,1.6,CLE,2014,33,2
203921,Cleanthony Early,56,241,123,42,4.3,2.2,0.8,NYK,2014,34,2
203950,Jarnell Stokes,28,67,40,7,2.4,1.4,0.2,UTA,2014,35,2
203948,Johnny O'Bryant III,147,509,352,69,3.5,2.4,0.5,MIL,2014,36,2
203915,Spencer Dinwiddie,621,8078,1851,3153,13.0,3.0,5.1,DET,2014,38,2
203924,Jerami Grant,765,10280,2985,1254,13.4,3.9,1.6,PHI,2014,39,2
203922,Glenn Robinson III,304,1804,776,238,5.9,2.6,0.8,MIN,2014,40,2
203999,Nikola Jokić,791,17528,8721,5859,22.2,11.0,7.4,DEN,2014,41,2
203910,Nick Johnson,28,74,39,11,2.6,1.4,0.4,HOU,2014,42,2
204002,Edy Tavares,13,33,32,4,2.5,2.5,0.3,ATL,2014,43,2
203900,Markel Brown,113,584,234,132,5.2,2.1,1.2,MIN,2014,44,2
203939,Dwight Powell,749,4892,3161,773,6.5,4.2,1.0,CHA,2014,45,2
203903,Jordan Clarkson,806,12494,2612,2278,15.5,3.2,2.8,WAS,2014,46,2
203893,Russ Smith,27,53,15,19,2.0,0.6,0.7,PHI,2014,47,2
203934,Lamar Patterson,40,93,57,45,2.3,1.4,1.1,MIL,2014,48,2
203946,Cameron Bairstow,36,44,36,7,1.2,1.0,0.2,CHI,2014,49,2
203648,Thanasis Antetokounmpo,221,509,322,118,2.3,1.5,0.5,NYK,2014,51,2
203995,Vasilije Micic,101,691,177,390,6.8,1.8,3.9,PHI,2014,52,2
203902,Semaj Christon,64,183,87,130,2.9,1.4,2.0,MIA,2014,55,2
203906,Devyn Marble,44,97,69,29,2.2,1.6,0.7,DEN,2014,56,2
203895,Jordan McRae,123,846,225,167,6.9,1.8,1.4,SAS,2014,58,2
203928,Cory Jefferson,58,205,161,16,3.5,2.8,0.3,SAS,2014,60,2
1626157,Karl-Anthony Towns,702,16007,7806,2196,22.8,11.1,3.1,MIN,2015,1,1
1626156,D'Angelo Russell,655,11132,2177,3690,17.0,3.3,5.6,LAL,2015,2,1
1626143,Jahlil Okafor,248,2566,1170,226,10.3,4.7,0.9,PHI,2015,3,1
204001,Kristaps Porziņģis,519,10142,3976,960,19.5,7.7,1.8,NYK,2015,4,1
1626209,Mario Hezonja,330,2284,1026,415,6.9,3.1,1.3,ORL,2015,5,1
1626161,Willie Cauley-Stein,422,3675,2470,598,8.7,5.9,1.4,SAC,2015,6,1
1626144,Emmanuel Mudiay,302,3299,884,1143,10.9,2.9,3.8,DEN,2015,7,1
1626169,Stanley Johnson,449,2806,1404,679,6.2,3.1,1.5,DET,2015,8,1
1626163,Frank Kaminsky,413,3630,1579,651,8.8,3.8,1.6,CHA,2015,9,1
1626159,Justise Winslow,344,2829,1760,890,8.2,5.1,2.6,MIA,2015,10,1
1626167,Myles Turner,698,9730,4661,900,13.9,6.7,1.3,IND,2015,11,1
1626168,Trey Lyles,650,4935,2826,697,7.6,4.3,1.1,UTA,2015,12,1
1626164,Devin Booker,717,17540,2890,3792,24.5,4.0,5.3,PHX,2015,13,1
1626166,Cameron Payne,483,3719,956,1538,7.7,2.0,3.2,OKC,2015,14,1
1626162,Kelly Oubre Jr.,693,9238,3212,812,13.3,4.6,1.2,ATL,2015,15,1
1626179,Terry Rozier,665,9252,2610,2337,13.9,3.9,3.5,BOS,2015,16,1
1626173,Rashad Vaughn,139,423,158,75,3.0,1.1,0.5,MIL,2015,17,1
1626155,Sam Dekker,201,1094,607,160,5.4,3.0,0.8,HOU,2015,18,1
1626170,Jerian Grant,279,1692,529,805,6.1,1.9,2.9,WAS,2015,19,1
1626153,Delon Wright,548,3656,1650,1636,6.7,3.0,3.0,TOR,2015,20,1
1626147,Justin Anderson,242,1284,621,184,5.3,2.6,0.8,DAL,2015,21,1
1626171,Bobby Portis,712,8587,5053,938,12.1,7.1,1.3,CHI,2015,22,1
1626178,Rondae Hollis-Jefferson,305,2760,1684,579,9.0,5.5,1.9,POR,2015,23,1
1626145,Tyus Jones,738,5424,1436,3168,7.3,1.9,4.3,CLE,2015,24,1
1626185,Jarell Martin,184,998,639,114,5.4,3.5,0.6,MEM,2015,25,1
1626204,Larry Nance Jr.,573,4293,3412,1043,7.5,6.0,1.8,LAL,2015,27,1
1626154,RJ Hunter,45,133,46,19,3.0,1.0,0.4,BOS,2015,28,1
1626191,Chris McCullough,59,194,112,15,3.3,1.9,0.3,BKN,2015,29,1
1626172,Kevon Looney,617,3029,3487,981,4.9,5.7,1.6,GSW,2015,30,1
1626224,Cedi Osman,476,4427,1411,933,9.3,3.0,2.0,MIN,2015,31,2
1626149,Montrezl Harrell,515,6220,2588,675,12.1,5.0,1.3,HOU,2015,32,2
1626175,Jordan Mickey,64,152,128,17,2.4,2.0,0.3,BOS,2015,33,2
1626148,Anthony Brown,41,161,103,28,3.9,2.5,0.7,LAL,2015,34,2
1626195,Willy Hernangomez,344,2524,1982,364,7.3,5.8,1.1,PHI,2015,35,2
1626176,Rakeem Christmas,30,63,57,4,2.1,1.9,0.1,MIN,2015,36,2
1626158,Richaun Holmes,489,4164,2606,479,8.5,5.3,1.0,PHI,2015,37,2
1626199,Darrun Hilliard,91,295,85,71,3.2,0.9,0.8,DET,2015,38,2
1626196,Josh Richardson,554,6381,1685,1463,11.5,3.0,2.6,MIA,2015,40,2
1626192,Pat Connaughton,622,3659,2065,845,5.9,3.3,1.4,BKN,2015,41,2
1626202,Joe Young,127,429,130,119,3.4,1.0,0.9,IND,2015,43,2
1626150,Andrew Harrison,145,1012,287,399,7.0,2.0,2.8,PHX,2015,44,2
1626181,Norman Powell,666,9260,1826,1067,13.9,2.7,1.6,MIL,2015,46,2
1626177,Dakari Johnson,31,55,34,8,1.8,1.1,0.3,OKC,2015,48,2
1626183,Branden Dawson,6,5,4,0,0.8,0.7,0.0,NOP,2015,56,2
1627732,Ben Simmons,383,5021,2840,2754,13.1,7.4,7.2,PHI,2016,1,1
1627742,Brandon Ingram,553,10924,2902,2351,19.8,5.2,4.3,LAL,2016,2,1
1627759,Jaylen Brown,657,13004,3593,1858,19.8,5.5,2.8,BOS,2016,3,1
1627733,Dragan Bender,187,1014,720,237,5.4,3.9,1.3,PHX,2016,4,1
1627739,Kris Dunn,467,3600,1545,1836,7.7,3.3,3.9,MIN,2016,5,1
1627741,Buddy Hield,759,11086,3044,1841,14.6,4.0,2.4,NOP,2016,6,1
1627750,Jamal Murray,593,11086,2268,2924,18.7,3.8,4.9,DEN,2016,7,1
1627737,Marquese Chriss,292,2206,1366,298,7.6,4.7,1.0,PHX,2016,8,1
1627751,Jakob Poeltl,621,5565,4346,1136,9.0,7.0,1.8,TOR,2016,9,1
1627748,Thon Maker,263,1216,726,161,4.6,2.8,0.6,MIL,2016,10,1
1627734,Domantas Sabonis,665,10702,7096,3240,16.1,10.7,4.9,OKC,2016,11,1
1627752,Taurean Prince,590,5794,2104,1013,9.8,3.6,1.7,UTA,2016,12,1
1627834,Georgios Papagiannis,39,160,123,29,4.1,3.2,0.7,SAC,2016,13,1
1627756,Denzel Valentine,256,1795,857,466,7.0,3.3,1.8,CHI,2016,14,1
1627823,Juancho Hernangomez,339,1711,1131,216,5.0,3.3,0.6,DEN,2016,15,1
1627824,Guerschon Yabusele,195,1156,647,220,5.9,3.3,1.1,BOS,2016,16,1
1627735,Wade Baldwin IV,56,174,69,78,3.1,1.2,1.4,MEM,2016,17,1
1627740,Henry Ellenson,83,342,206,49,4.1,2.5,0.6,DET,2016,18,1
1627736,Malik Beasley,578,6738,1612,789,11.7,2.8,1.4,DEN,2016,19,1
1627747,Caris LeVert,566,7591,2053,2218,13.4,3.6,3.9,IND,2016,20,1
1627761,DeAndre' Bembry,296,1750,950,533,5.9,3.2,1.8,ATL,2016,21,1
1627781,Malachi Richardson,70,198,70,24,2.8,1.0,0.3,CHA,2016,22,1
1627790,Ante Zizic,113,674,446,64,6.0,3.9,0.6,BOS,2016,23,1
1627789,Timothe Luwawu-Cabarrot,328,1937,656,293,5.9,2.0,0.9,PHI,2016,24,1
1627744,Brice Johnson,21,47,34,3,2.2,1.6,0.1,LAC,2016,25,1
1627788,Furkan Korkmaz,328,2244,646,391,6.8,2.0,1.2,PHI,2016,26,1
1627783,Pascal Siakam,681,12566,4534,2465,18.5,6.7,3.6,TOR,2016,27,1
1627746,Skal Labissiere,155,1087,673,156,7.0,4.3,1.0,SAC,2016,28,1
1627749,Dejounte Murray,506,7850,2935,2735,15.5,5.8,5.4,SAS,2016,29,1
1627745,Damian Jones,279,1366,869,193,4.9,3.1,0.7,GSW,2016,30,1
1627738,Deyonta Davis,107,454,346,47,4.2,3.2,0.4,BOS,2016,31,2
1627826,Ivica Zubac,627,6572,5215,890,10.5,8.3,1.4,LAL,2016,32,2
1627767,Cheick Diallo,183,958,759,78,5.2,4.1,0.4,LAC,2016,33,2
1627755,Tyler Ulis,133,998,223,537,7.5,1.7,4.0,PHX,2016,34,2
1627763,Malcolm Brogdon,463,7077,1917,2156,15.3,4.1,4.7,MIL,2016,36,2
1627778,Chinanu Onuaku,6,18,14,4,3.0,2.3,0.7,HOU,2016,37,2
1627775,Patrick McCaw,199,760,319,270,3.8,1.6,1.4,GSW,2016,38,2
1627754,Diamond Stone,7,10,6,0,1.4,0.9,0.0,NOP,2016,40,2
1627757,Stephen Zimmerman,19,23,35,4,1.2,1.8,0.2,ORL,2016,41,2
1627785,Isaiah Whitehead,89,643,210,212,7.2,2.4,2.4,BKN,2016,42,2
1627753,Zhou Qi,19,24,22,2,1.3,1.2,0.1,HOU,2016,43,2
1627743,Demetrius Jackson,26,48,19,17,1.8,0.7,0.7,BOS,2016,45,2
1627773,AJ Hammons,22,48,36,4,2.2,1.6,0.2,DAL,2016,46,2
1627774,Jake Layman,243,1175,417,127,4.8,1.7,0.5,ORL,2016,47,2
1627835,Paul Zipser,98,458,256,82,4.7,2.6,0.8,CHI,2016,48,2
1627771,Michael Gbinije,9,4,3,2,0.4,0.3,0.2,DET,2016,49,2
1627777,Georges Niang,544,4046,1354,534,7.4,2.5,1.0,IND,2016,50,2
1627762,Joel Bolomboy,18,31,27,2,1.7,1.5,0.1,UTA,2016,52,2
1627770,Kay Felder,58,223,59,78,3.8,1.0,1.3,ATL,2016,54,2
1627779,Marcus Paige,5,12,4,3,2.4,0.8,0.6,UTA,2016,55,2
1627772,Daniel Hamilton,25,69,52,30,2.8,2.1,1.2,DEN,2016,56,2
1627846,Abdel Nader,202,926,376,110,4.6,1.9,0.5,BOS,2016,58,2
1627820,Tyrone Wallace,112,566,236,127,5.1,2.1,1.1,UTA,2016,60,2
1628365,Markelle Fultz,255,2656,817,1111,10.4,3.2,4.4,PHI,2017,1,1
1628366,Lonzo Ball,322,3422,1705,1814,10.6,5.3,5.6,LAL,2017,2,1
1628369,Jayson Tatum,585,13784,4293,2243,23.6,7.3,3.8,BOS,2017,3,1
1628367,Josh Jackson,291,3276,1159,534,11.3,4.0,1.8,PHX,2017,4,1
1628368,De'Aaron Fox,582,12357,2273,3577,21.2,3.9,6.1,SAC,2017,5,1
1628371,Jonathan Isaac,326,2231,1489,244,6.8,4.6,0.7,ORL,2017,6,1
1628374,Lauri Markkanen,492,9323,3490,746,18.9,7.1,1.5,MIN,2017,7,1
1628373,Frank Ntilikina,321,1535,563,693,4.8,1.8,2.2,NYK,2017,8,1
1628372,Dennis Smith Jr.,326,3160,967,1381,9.7,3.0,4.2,DAL,2017,9,1
1628380,Zach Collins,388,3110,1883,700,8.0,4.9,1.8,SAC,2017,10,1
1628370,Malik Monk,572,7045,1471,1784,12.3,2.6,3.1,CHA,2017,11,1
1628379,Luke Kennard,516,4983,1425,1162,9.7,2.8,2.3,DET,2017,12,1
1628378,Donovan Mitchell,594,14890,2571,2850,25.1,4.3,4.8,DEN,2017,13,1
1628389,Bam Adebayo,620,9909,5547,2194,16.0,8.9,3.5,MIA,2017,14,1
1628382,Justin Jackson,280,1676,654,285,6.0,2.3,1.0,POR,2017,15,1
1628383,Justin Patton,22,86,60,19,3.9,2.7,0.9,CHI,2017,16,1
1628391,D.J. Wilson,148,657,454,110,4.4,3.1,0.7,MIL,2017,17,1
1628388,T.J. Leaf,146,477,283,43,3.3,1.9,0.3,IND,2017,18,1
1628381,John Collins,526,8297,4085,749,15.8,7.8,1.4,ATL,2017,19,1
1628385,Harry Giles III,165,888,573,180,5.4,3.5,1.1,POR,2017,20,1
1628390,Terrance Ferguson,204,924,263,144,4.5,1.3,0.7,OKC,2017,21,1
1628386,Jarrett Allen,618,8059,5668,1045,13.0,9.2,1.7,BKN,2017,22,1
1628384,OG Anunoby,539,7090,2391,937,13.2,4.4,1.7,TOR,2017,23,1
1628399,Tyler Lydon,26,23,18,6,0.9,0.7,0.2,UTA,2017,24,1
1628394,Anžejs Pasečņiks,28,156,108,19,5.6,3.9,0.7,ORL,2017,25,1
1628403,Caleb Swanigan,75,169,218,56,2.3,2.9,0.7,POR,2017,26,1
1628398,Kyle Kuzma,597,9935,3684,1589,16.6,6.2,2.7,BKN,2017,27,1
1628396,Tony Bradley,231,1004,878,116,4.3,3.8,0.5,LAL,2017,28,1
1628401,Derrick White,553,7410,2070,2406,13.4,3.7,4.4,SAS,2017,29,1
1628404,Josh Hart,579,6052,4071,1944,10.5,7.0,3.4,UTA,2017,30,1
1628402,Frank Jackson,214,1816,392,222,8.5,1.8,1.0,CHA,2017,31,2
1628432,Davon Reed,122,373,212,92,3.1,1.7,0.8,PHX,2017,32,2
1628411,Wes Iwundu,226,989,555,208,4.4,2.5,0.9,ORL,2017,33,2
1628412,Frank Mason III,103,695,204,272,6.7,2.0,2.6,SAC,2017,34,2
1628397,Ivan Rabb,85,485,364,86,5.7,4.3,1.0,ORL,2017,35,2
1628413,Jonah Bolden,51,217,174,40,4.3,3.4,0.8,PHI,2017,36,2
1628400,Semi Ojeleye,284,975,613,126,3.4,2.2,0.4,BOS,2017,37,2
1628395,Jordan Bell,161,593,497,201,3.7,3.1,1.2,CHI,2017,38,2
1628393,Jawun Evans,56,237,96,110,4.2,1.7,2.0,PHI,2017,39,2
1628407,Dwayne Bacon,207,1503,537,230,7.3,2.6,1.1,NOP,2017,40,2
1628416,Tyler Dorsey,107,710,245,135,6.6,2.3,1.3,ATL,2017,41,2
1628418,Thomas Bryant,377,3197,1831,354,8.5,4.9,0.9,UTA,2017,42,2
1628392,Isaiah Hartenstein,414,2952,2750,881,7.1,6.6,2.1,HOU,2017,43,2
1628422,Damyean Dotson,213,1594,532,315,7.5,2.5,1.5,NYK,2017,44,2
1628415,Dillon Brooks,542,8014,1777,1070,14.8,3.3,2.0,HOU,2017,45,2
1628425,Sterling Brown,268,1431,891,268,5.3,3.3,1.0,PHI,2017,46,2
1628387,Ike Anigbogu,14,13,12,1,0.9,0.9,0.1,IND,2017,47,2
1628414,Sindarius Thornwell,160,401,206,111,2.5,1.3,0.7,MIL,2017,48,2
1628427,Vlatko Čančar,143,485,251,123,3.4,1.8,0.9,DEN,2017,49,2
1628420,Monte Morris,426,3998,996,1519,9.4,2.3,3.6,DEN,2017,51,2
1628410,Edmond Sumner,161,997,244,182,6.2,1.5,1.1,NOP,2017,52,2
1628443,Kadeem Allen,47,258,71,109,5.5,1.5,2.3,BOS,2017,53,2
1628409,Alec Peters,20,82,37,12,4.1,1.8,0.6,PHX,2017,54,2
1628430,Nigel Williams-Goss,10,14,6,6,1.4,0.6,0.6,UTA,2017,55,2
1628444,Jabari Bird,13,39,19,8,3.0,1.5,0.6,BOS,2017,56,2
1628426,Sasha Vezenkov,42,225,96,19,5.4,2.3,0.5,BKN,2017,57,2
1628417,Jaron Blossomgame,27,114,98,13,4.2,3.6,0.5,SAS,2017,59,2
1629028,Deandre Ayton,450,7207,4601,694,16.0,10.2,1.5,PHX,2018,1,1
1628963,Marvin Bagley III,334,3955,2167,315,11.8,6.5,0.9,SAC,2018,2,1
1629029,Luka Dončić,498,14437,4249,4114,29.0,8.5,8.3,ATL,2018,3,1
1628991,Jaren Jackson Jr.,455,8449,2530,696,18.6,5.6,1.5,MEM,2018,4,1
1629027,Trae Young,493,12413,1702,4837,25.2,3.5,9.8,DAL,2018,5,1
1628964,Mo Bamba,366,2461,1982,306,6.7,5.4,0.8,ORL,2018,6,1
1628976,Wendell Carter Jr.,440,5221,3607,883,11.9,8.2,2.0,CHI,2018,7,1
1629012,Collin Sexton,458,8370,1244,1677,18.3,2.7,3.7,CLE,2018,8,1
1628995,Kevin Knox II,320,2322,893,233,7.3,2.8,0.7,NYK,2018,9,1
1628969,Mikal Bridges,617,9163,2457,1761,14.9,4.0,2.9,PHI,2018,10,1
1628983,Shai Gilgeous-Alexander,513,12918,2436,2690,25.2,4.7,5.2,CHA,2018,11,1
1628970,Miles Bridges,480,7642,2967,1328,15.9,6.2,2.8,LAC,2018,12,1
1629010,Jerome Robinson,135,545,214,136,4.0,1.6,1.0,LAC,2018,13,1
1629008,Michael Porter Jr.,393,6771,2545,635,17.2,6.5,1.6,DEN,2018,14,1
1628972,Troy Brown Jr.,356,2196,1288,508,6.2,3.6,1.4,WAS,2018,15,1
1629015,Zhaire Smith,13,48,15,12,3.7,1.2,0.9,PHX,2018,16,1
1628978,Donte DiVincenzo,477,5259,2052,1458,11.0,4.3,3.1,MIL,2018,17,1
1629022,Lonnie Walker IV,342,3418,791,518,10.0,2.3,1.5,SAS,2018,18,1
1628989,Kevin Huerter,531,6097,1814,1533,11.5,3.4,2.9,ATL,2018,19,1
1629006,Josh Okogie,473,2935,1387,528,6.2,2.9,1.1,MIN,2018,20,1
1628960,Grayson Allen,441,4915,1333,961,11.1,3.0,2.2,UTA,2018,21,1
1628990,Chandler Hutchison,103,558,376,79,5.4,3.7,0.8,CHI,2018,22,1
1628988,Aaron Holiday,487,3118,743,937,6.4,1.5,1.9,IND,2018,23,1
1629014,Anfernee Simons,444,6622,1108,1399,14.9,2.5,3.2,POR,2018,24,1
1629021,Moritz Wagner,382,3494,1493,454,9.1,3.9,1.2,LAL,2018,25,1
1629013,Landry Shamet,434,3669,726,654,8.5,1.7,1.5,PHI,2018,26,1
1629057,Robert Williams III,277,1961,1877,372,7.1,6.8,1.3,BOS,2018,27,1
1628980,Jacob Evans,59,168,66,54,2.8,1.1,0.9,GSW,2018,28,1
1629058,Dzanan Musa,49,211,91,45,4.3,1.9,0.9,BKN,2018,29,1
1629016,Omari Spellman,95,642,413,94,6.8,4.3,1.0,ATL,2018,30,1
1629059,Elie Okobo,108,523,188,242,4.8,1.7,2.2,PHX,2018,31,2
1628975,Jevon Carter,442,2314,730,686,5.2,1.7,1.6,MEM,2018,32,2
1628973,Jalen Brunson,543,10315,1741,2791,19.0,3.2,5.1,DAL,2018,33,2
1628984,Devonte' Graham,336,3733,758,1448,11.1,2.3,4.3,ATL,2018,34,2
1628982,Melvin Frazier Jr.,32,87,28,5,2.7,0.9,0.2,ORL,2018,35,2
1629011,Mitchell Robinson,381,2859,3019,254,7.5,7.9,0.7,NYK,2018,36,2
1629018,Gary Trent Jr.,467,6101,1036,668,13.1,2.2,1.4,SAC,2018,37,2
1629017,Khyri Thomas,39,160,39,36,4.1,1.0,0.9,PHI,2018,38,2
1629067,Isaac Bonga,143,439,320,118,3.1,2.2,0.8,PHI,2018,39,2
1629066,Rodions Kurucs,131,780,406,113,6.0,3.1,0.9,BKN,2018,40,2
1629020,Jarred Vanderbilt,359,2045,2161,498,5.7,6.0,1.4,ORL,2018,41,2
1628971,Bruce Brown,519,4516,2176,1253,8.7,4.2,2.4,DET,2018,42,2
1628977,Hamidou Diallo,265,2272,1009,283,8.6,3.8,1.1,BKN,2018,45,2
1629001,De'Anthony Melton,389,3641,1410,1066,9.4,3.6,2.7,HOU,2018,46,2
1629004,Svi Mykhailiuk,379,2607,707,553,6.9,1.9,1.5,LAL,2018,47,2
1628966,Keita Bates-Diop,283,1697,848,241,6.0,3.0,0.9,MIN,2018,48,2
1629002,Chimezie Metu,260,1522,908,197,5.9,3.5,0.8,MIL,2018,49,2
1628993,Alize Johnson,76,189,228,32,2.5,3.0,0.4,IND,2018,50,2
1629053,Vincent Edwards,2,3,2,0,1.5,1.0,0.0,UTA,2018,52,2
1628985,Devon Hall,11,20,7,13,1.8,0.6,1.2,OKC,2018,53,2
1629003,Shake Milton,359,2899,783,856,8.1,2.2,2.4,DAL,2018,54,2
1629083,Arnoldas Kulboka,2,0,0,0,0.0,0.0,0.0,CHA,2018,55,2
1629034,Ray Spalding,16,58,52,5,3.6,3.2,0.3,PHI,2018,56,2
1628987,Kevin Hervey,10,17,12,5,1.7,1.2,0.5,OKC,2018,57,2
1629118,Thomas Welsh,11,18,4,5,1.6,0.4,0.5,DEN,2018,58,2
1628994,George King,5,1,6,0,0.2,1.2,0.0,PHX,2018,59,2
1628961,Kostas Antetokounmpo,22,21,23,3,1.0,1.0,0.1,PHI,2018,60,2
1629627,Zion Williamson,259,6246,1678,1076,24.1,6.5,4.2,NOP,2019,1,1
1629630,Ja Morant,327,7331,1513,2428,22.4,4.6,7.4,MEM,2019,2,1
1629628,RJ Barrett,423,7942,2344,1403,18.8,5.5,3.3,NYK,2019,3,1
1629631,De'Andre Hunter,372,5454,1521,587,14.7,4.1,1.6,LAL,2019,4,1
1629636,Darius Garland,409,7683,1080,2740,18.8,2.6,6.7,CLE,2019,5,1
1629633,Jarrett Culver,144,934,402,173,6.5,2.8,1.2,PHX,2019,6,1
1629632,Coby White,454,6982,1654,1765,15.4,3.6,3.9,CHI,2019,7,1
1629637,Jaxson Hayes,417,2830,1640,304,6.8,3.9,0.7,ATL,2019,8,1
1629060,Rui Hachimura,385,4878,1799,481,12.7,4.7,1.2,WAS,2019,9,1
1629629,Cam Reddish,254,2151,678,297,8.5,2.7,1.2,ATL,2019,10,1
1629661,Cameron Johnson,377,4811,1482,749,12.8,3.9,2.0,MIN,2019,11,1
1629023,P.J. Washington,432,5720,2579,957,13.2,6.0,2.2,CHA,2019,12,1
1629639,Tyler Herro,377,7323,1871,1515,19.4,5.0,4.0,MIA,2019,13,1
1629641,Romeo Langford,141,650,298,97,4.6,2.1,0.7,BOS,2019,14,1
1629635,Sekou Doumbouya,96,542,267,66,5.6,2.8,0.7,DET,2019,15,1
1629643,Chuma Okeke,198,1242,751,291,6.3,3.8,1.5,ORL,2019,16,1
1629638,Nickeil Alexander-Walker,440,4424,1158,1104,10.1,2.6,2.5,BKN,2019,17,1
1629048,Goga Bitadze,362,1982,1534,419,5.5,4.2,1.2,IND,2019,18,1
1629677,Luka Samanic,86,384,210,55,4.5,2.4,0.6,SAS,2019,19,1
1629680,Matisse Thybulle,357,1753,727,396,4.9,2.0,1.1,BOS,2019,20,1
1629634,Brandon Clarke,309,3144,1689,410,10.2,5.5,1.3,OKC,2019,21,1
1629684,Grant Williams,399,2859,1473,585,7.2,3.7,1.5,BOS,2019,22,1
1629647,Darius Bazley,237,2113,1244,282,8.9,5.2,1.2,UTA,2019,23,1
1629660,Ty Jerome,237,2143,489,693,9.0,2.1,2.9,PHI,2019,24,1
1629642,Nassir Little,237,1313,688,170,5.5,2.9,0.7,POR,2019,25,1
1629685,Dylan Windler,101,319,212,78,3.2,2.1,0.8,CLE,2019,26,1
1629662,Mfiondu Kabengele,55,143,81,19,2.6,1.5,0.3,BKN,2019,27,1
1629673,Jordan Poole,445,7400,1179,1653,16.6,2.6,3.7,GSW,2019,28,1
1629640,Keldon Johnson,430,6541,2325,879,15.2,5.4,2.0,SAS,2019,29,1
1629645,Kevin Porter Jr.,306,4391,1301,1501,14.3,4.3,4.9,MIL,2019,30,1
1629651,Nic Claxton,365,3895,2785,752,10.7,7.6,2.1,BKN,2019,31,2
1629644,KZ Okpala,98,222,148,47,2.3,1.5,0.5,PHX,2019,32,2
1629035,Carsen Edwards,72,267,79,52,3.7,1.1,0.7,PHI,2019,33,2
1628981,Bruno Fernando,220,872,712,161,4.0,3.2,0.7,PHI,2019,34,2
1629712,Didi Louzada,12,43,20,8,3.6,1.7,0.7,ATL,2019,35,2
1628998,Cody Martin,263,1600,975,582,6.1,3.7,2.2,CHA,2019,36,2
1629686,Deividas Sirvydis,23,44,35,6,1.9,1.5,0.3,DAL,2019,37,2
1629655,Daniel Gafford,421,3849,2401,438,9.1,5.7,1.0,CHI,2019,38,2
1629346,Alen Smailagic,29,87,43,17,3.0,1.5,0.6,NOP,2019,39,2
1629672,Eric Paschall,158,1552,509,214,9.8,3.2,1.4,GSW,2019,41,2
1629678,Admiral Schofield,131,426,215,78,3.3,1.6,0.6,PHI,2019,42,2
1629669,Jaylen Nowell,205,1815,445,380,8.9,2.2,1.9,MIN,2019,43,2
1629626,Bol Bol,202,1243,709,126,6.2,3.5,0.6,MIA,2019,44,2
1629676,Isaiah Roby,151,1159,667,216,7.7,4.4,1.4,DET,2019,45,2
1629659,Talen Horton-Tucker,305,2809,800,852,9.2,2.6,2.8,ORL,2019,46,2
1629649,Ignas Brazdeikis,64,318,122,58,5.0,1.9,0.9,SAC,2019,47,2
1629611,Terance Mann,464,3721,1612,959,8.0,3.5,2.1,LAC,2019,48,2
1629683,Quinndary Weatherspoon,42,88,32,24,2.1,0.8,0.6,SAS,2019,49,2
1629682,Tremont Waters,40,149,37,85,3.7,0.9,2.1,BOS,2019,51,2
1629667,Jalen McDaniels,252,1699,829,292,6.7,3.3,1.2,CHA,2019,52,2
1629625,Justin Wright-Foreman,4,19,5,7,4.8,1.2,1.8,UTA,2019,53,2
1629621,Marial Shayok,4,11,7,1,2.8,1.8,0.2,PHI,2019,54,2
1629657,Kyle Guy,53,165,53,50,3.1,1.0,0.9,NYK,2019,55,2
1629648,Jordan Bone,24,68,28,26,2.8,1.2,1.1,NOP,2019,57,2
1629671,Miye Oni,80,145,108,37,1.8,1.4,0.5,GSW,2019,58,2
1629608,Dewan Hernandez,6,14,14,3,2.3,2.3,0.5,TOR,2019,59,2
1630162,Anthony Edwards,432,10599,2282,1790,24.5,5.3,4.1,MIN,2020,1,1
1630164,James Wiseman,152,1363,838,113,9.0,5.5,0.7,GSW,2020,2,1
1630163,LaMelo Ball,282,5843,1623,2085,20.7,5.8,7.4,CHA,2020,3,1
1630172,Patrick Williams,331,3022,1287,481,9.1,3.9,1.5,CHI,2020,4,1
1630171,Isaac Okoro,386,3185,1077,617,8.3,2.8,1.6,CLE,2020,5,1
1630168,Onyeka Okongwu,363,3860,2498,578,10.6,6.9,1.6,ATL,2020,6,1
1630165,Killian Hayes,220,1766,644,1136,8.0,2.9,5.2,DET,2020,7,1
1630167,Obi Toppin,367,3123,1257,439,8.5,3.4,1.2,NYK,2020,8,1
1630166,Deni Avdija,407,5218,2574,1326,12.8,6.3,3.3,WAS,2020,9,1
1630188,Jalen Smith,317,2763,1752,281,8.7,5.5,0.9,PHX,2020,10,1
1630170,Devin Vassell,350,4959,1328,902,14.2,3.8,2.6,SAS,2020,11,1
1630169,Tyrese Haliburton,333,5842,1218,2947,17.5,3.7,8.8,SAC,2020,12,1
1630184,Kira Lewis Jr.,131,687,169,233,5.2,1.3,1.8,NOP,2020,13,1
1630174,Aaron Nesmith,321,3007,1100,374,9.4,3.4,1.2,BOS,2020,14,1
1630175,Cole Anthony,355,4249,1459,1344,12.0,4.1,3.8,ORL,2020,15,1
1630191,Isaiah Stewart,355,3110,2424,462,8.8,6.8,1.3,POR,2020,16,1
1630197,Aleksej Pokusevski,168,1253,778,327,7.5,4.6,1.9,MIN,2020,17,1
1630182,Josh Green,328,2126,852,483,6.5,2.6,1.5,DAL,2020,18,1
1630180,Saddiq Bey,347,5054,1851,680,14.6,5.3,2.0,BKN,2020,19,1
1630173,Precious Achiuwa,374,2856,2130,379,7.6,5.7,1.0,MIA,2020,20,1
1630178,Tyrese Maxey,376,7892,1191,1797,21.0,3.2,4.8,PHI,2020,21,1
1630192,Zeke Nnaji,294,1224,681,122,4.2,2.3,0.4,DEN,2020,22,1
1630195,Leandro Bolmaro,49,56,50,28,1.1,1.0,0.6,NYK,2020,23,1
1630181,R.J. Hampton,170,1155,466,307,6.8,2.7,1.8,MIL,2020,24,1
1630193,Immanuel Quickley,381,5537,1338,1545,14.5,3.5,4.1,OKC,2020,25,1
1630202,Payton Pritchard,407,4180,1199,1208,10.3,2.9,3.0,BOS,2020,26,1
1628962,Udoka Azubuike,84,256,235,14,3.0,2.8,0.2,UTA,2020,27,1
1630183,Jaden McDaniels,425,4680,1785,731,11.0,4.2,1.7,LAL,2020,28,1
1630201,Malachi Flynn,217,1184,376,414,5.5,1.7,1.9,TOR,2020,29,1
1630217,Desmond Bane,372,6776,1684,1423,18.2,4.5,3.8,BOS,2020,30,1
1630179,Tyrell Terry,13,13,6,6,1.0,0.5,0.5,DAL,2020,31,2
1630176,Vernon Carey Jr.,37,72,50,5,1.9,1.4,0.1,CHA,2020,32,2
1630187,Daniel Oturu,33,63,53,10,1.9,1.6,0.3,MIN,2020,33,2
1630177,Theo Maledon,177,1373,489,518,7.8,2.8,2.9,PHI,2020,34,2
1630214,Xavier Tillman,280,1422,1007,322,5.1,3.6,1.2,SAC,2020,35,2
1630189,Tyler Bey,18,18,19,3,1.0,1.1,0.2,PHI,2020,36,2
1630249,Vít Krejčí,196,1294,458,359,6.6,2.3,1.8,WAS,2020,37,2
1630240,Saben Lee,134,697,260,378,5.2,1.9,2.8,UTA,2020,38,2
1630190,Elijah Hughes,54,157,67,28,2.9,1.2,0.5,NOP,2020,39,2
1630218,Robert Woodard II,25,27,27,5,1.1,1.1,0.2,MEM,2020,40,2
1630200,Tre Jones,341,3015,951,1638,8.8,2.8,4.8,SAS,2020,41,2
1630208,Nick Richards,294,2050,1671,166,7.0,5.7,0.6,NOP,2020,42,2
1630186,Jahmi'us Ramsey,39,147,45,21,3.8,1.2,0.5,SAC,2020,43,2
1630250,Marko Simonovic,16,23,12,0,1.4,0.8,0.0,CHI,2020,44,2
1629670,Jordan Nwora,206,1564,659,216,7.6,3.2,1.0,MIL,2020,45,2
1629604,CJ Elleby,88,407,259,97,4.6,2.9,1.1,POR,2020,46,2
1630185,Nico Mannion,30,123,46,70,4.1,1.5,2.3,GSW,2020,48,2
1630198,Isaiah Joe,374,3010,783,438,8.0,2.1,1.2,PHI,2020,49,2
1630219,Skylar Mays,105,451,122,182,4.3,1.2,1.7,ATL,2020,50,2
1630231,KJ Martin,309,2652,1247,371,8.6,4.0,1.2,SAC,2020,52,2
1630216,Cassius Winston,29,55,10,19,1.9,0.3,0.7,OKC,2020,53,2
1630199,Cassius Stanley,33,88,39,5,2.7,1.2,0.2,IND,2020,54,2
1630206,Jay Scrubb,24,97,36,10,4.0,1.5,0.4,BKN,2020,55,2
1630203,Grant Riller,7,18,1,3,2.6,0.1,0.4,CHA,2020,56,2
1629617,Reggie Perry,36,170,120,26,4.7,3.3,0.7,LAC,2020,57,2
1630194,Paul Reed,304,1575,1226,259,5.2,4.0,0.9,PHI,2020,58,2
1630241,Sam Merrill,211,1636,410,329,7.8,1.9,1.6,NOP,2020,60,2
1630595,Cade Cunningham,261,5938,1429,2049,22.8,5.5,7.9,DET,2021,1,1
1630224,Jalen Green,319,6328,1345,1056,19.8,4.2,3.3,HOU,2021,2,1
1630596,Evan Mobley,316,5241,2819,961,16.6,8.9,3.0,CLE,2021,3,1
1630567,Scottie Barnes,334,5861,2539,1689,17.5,7.6,5.1,TOR,2021,4,1
1630591,Jalen Suggs,247,3088,841,887,12.5,3.4,3.6,ORL,2021,5,1
1630581,Josh Giddey,320,4654,2426,2040,14.5,7.6,6.4,OKC,2021,6,1
1630228,Jonathan Kuminga,281,3531,1177,516,12.6,4.2,1.8,GSW,2021,7,1
1630532,Franz Wagner,319,6148,1569,1168,19.3,4.9,3.7,ORL,2021,8,1
1630558,Davion Mitchell,351,2722,662,1341,7.8,1.9,3.8,SAC,2021,9,1
1630533,Ziaire Williams,255,2146,778,296,8.4,3.1,1.2,NOP,2021,10,1
1630547,James Bouknight,79,383,133,73,4.8,1.7,0.9,CHA,2021,11,1
1630563,Joshua Primo,56,318,127,99,5.7,2.3,1.8,SAS,2021,12,1
1630537,Chris Duarte,177,1348,467,231,7.6,2.6,1.3,IND,2021,13,1
1630541,Moses Moody,314,2492,767,322,7.9,2.4,1.0,GSW,2021,14,1
1630557,Corey Kispert,333,3637,925,498,10.9,2.8,1.5,WAS,2021,15,1
1630578,Alperen Sengun,339,5667,2932,1492,16.7,8.6,4.4,OKC,2021,16,1
1630530,Trey Murphy III,304,4613,1275,664,15.2,4.2,2.2,MEM,2021,17,1
1630544,Tre Mann,221,1975,602,497,8.9,2.7,2.2,OKC,2021,18,1
1630539,Kai Jones,107,377,259,44,3.5,2.4,0.4,NYK,2021,19,1
1630552,Jalen Johnson,239,3274,1736,907,13.7,7.3,3.8,ATL,2021,20,1
1630553,Keon Johnson,161,1326,429,313,8.2,2.7,1.9,NYK,2021,21,1
1630543,Isaiah Jackson,205,1420,909,148,6.9,4.4,0.7,LAL,2021,22,1
1630586,Usman Garuba,105,276,397,82,2.6,3.8,0.8,HOU,2021,23,1
1630528,Josh Christopher,152,987,266,231,6.5,1.8,1.5,HOU,2021,24,1
1629656,Quentin Grimes,297,3207,940,677,10.8,3.2,2.3,LAC,2021,25,1
1630538,Bones Hyland,238,2134,494,623,9.0,2.1,2.6,DEN,2021,26,1
1630560,Cam Thomas,249,3759,617,532,15.1,2.5,2.1,BKN,2021,27,1
1630531,Jaden Springer,110,316,152,85,2.9,1.4,0.8,PHI,2021,28,1
1630549,Day'Ron Sharpe,249,1728,1467,364,6.9,5.9,1.5,PHX,2021,29,1
1630583,Santi Aldama,278,2895,1513,570,10.4,5.4,2.1,UTA,2021,30,1
1630225,Isaiah Todd,18,29,24,8,1.6,1.3,0.4,MIL,2021,31,2
1630526,Jeremiah Robinson-Earl,219,1292,948,216,5.9,4.3,1.0,NYK,2021,32,2
1630554,Jason Preston,21,53,39,43,2.5,1.9,2.0,ORL,2021,33,2
1630529,Herbert Jones,279,2780,1054,702,10.0,3.8,2.5,NOP,2021,35,2
1630540,Miles McBride,271,1935,444,511,7.1,1.6,1.9,OKC,2021,36,2
1630550,JT Thor,185,599,389,90,3.2,2.1,0.5,DET,2021,37,2
1630245,Ayo Dosunmu,332,3622,962,1098,10.9,2.9,3.3,CHI,2021,38,2
1629674,Neemias Queta,167,1096,876,158,6.6,5.2,0.9,SAC,2021,39,2
1630215,Jared Butler,148,990,217,417,6.7,1.5,2.8,SAC,2021,40,2
1630580,Joe Wieskamp,38,70,18,12,1.8,0.5,0.3,SAS,2021,41,2
1630587,Isaiah Livers,126,646,308,108,5.1,2.4,0.9,DET,2021,42,2
1630535,Greg Brown III,70,268,163,42,3.8,2.3,0.6,NOP,2021,43,2
1630556,Kessler Edwards,178,645,390,111,3.6,2.2,0.6,BKN,2021,44,2
1630625,Dalano Banton,221,1473,483,426,6.7,2.2,1.9,TOR,2021,46,2
1630525,David Johnson,2,0,0,0,0.0,0.0,0.0,TOR,2021,47,2
1630536,Sharife Cooper,32,146,47,50,4.6,1.5,1.6,ATL,2021,48,2
1630527,Brandon Boston,147,1101,327,176,7.5,2.2,1.2,MEM,2021,51,2
1630568,Luka Garza,175,970,455,102,5.5,2.6,0.6,DET,2021,52,2
1629646,Charles Bassey,116,497,498,95,4.3,4.3,0.8,PHI,2021,53,2
1630572,Sandro Mamukelashvili,249,1630,884,289,6.5,3.6,1.2,IND,2021,54,2
1630598,Aaron Wiggins,321,2834,1025,454,8.8,3.2,1.4,OKC,2021,55,2
1630575,Scottie Lewis,2,1,0,1,0.5,0.0,0.5,CHA,2021,56,2
1630579,Jericho Sims,237,635,976,151,2.7,4.1,0.6,NYK,2021,58,2
1630564,RaiQuan Gray,4,39,16,13,9.8,4.0,3.2,BKN,2021,59,2
1631094,Paolo Banchero,247,5499,1813,1164,22.3,7.3,4.7,ORL,2022,1,1
1631096,Chet Holmgren,168,2764,1392,357,16.5,8.3,2.1,OKC,2022,2,1
1631095,Jabari Smith Jr.,269,3635,1974,384,13.5,7.3,1.4,HOU,2022,3,1
1631099,Keegan Murray,256,3411,1430,374,13.3,5.6,1.5,SAC,2022,4,1
1631093,Jaden Ivey,218,3233,767,870,14.8,3.5,4.0,DET,2022,5,1
1631097,Bennedict Mathurin,245,3961,1135,455,16.2,4.6,1.9,IND,2022,6,1
1631101,Shaedon Sharpe,232,3659,932,512,15.8,4.0,2.2,POR,2022,7,1
1630700,Dyson Daniels,255,2325,1257,996,9.1,4.9,3.9,NOP,2022,8,1
1631110,Jeremy Sochan,218,2213,1204,550,10.2,5.5,2.5,SAS,2022,9,1
1631098,Johnny Davis,112,395,175,71,3.5,1.6,0.6,WAS,2022,10,1
1631172,Ousmane Dieng,146,652,312,159,4.5,2.1,1.1,NYK,2022,11,1
1631114,Jalen Williams,241,4356,1109,1065,18.1,4.6,4.4,OKC,2022,12,1
1631105,Jalen Duren,255,3277,2637,517,12.9,10.3,2.0,CHA,2022,13,1
1630534,Ochai Agbaji,250,1810,691,288,7.2,2.8,1.2,CLE,2022,14,1
1631109,Mark Williams,161,1938,1378,205,12.0,8.6,1.3,CHA,2022,15,1
1631100,AJ Griffin,92,687,171,78,7.5,1.9,0.8,ATL,2022,16,1
1631106,Tari Eason,199,2095,1253,262,10.5,6.3,1.3,HOU,2022,17,1
1631207,Dalen Terry,207,714,340,245,3.4,1.6,1.2,CHI,2022,18,1
1631222,Jake LaRavia,196,1493,691,349,7.6,3.5,1.8,MIN,2022,19,1
1631103,Malaki Branham,216,1726,424,344,8.0,2.0,1.6,SAS,2022,20,1
1631128,Christian Braun,263,2458,1021,470,9.3,3.9,1.8,DEN,2022,21,1
1631117,Walker Kessler,201,1910,1862,241,9.5,9.3,1.2,MEM,2022,22,1
1631223,David Roddy,168,1044,488,174,6.2,2.9,1.0,PHI,2022,23,1
1630699,MarJon Beauchamp,137,574,265,82,4.2,1.9,0.6,MIL,2022,24,1
1631104,Blake Wesley,174,772,266,426,4.4,1.5,2.4,SAS,2022,25,1
1631111,Wendell Moore Jr.,95,220,131,69,2.3,1.4,0.7,DAL,2022,26,1
1631107,Nikola Jovic,152,1267,555,331,8.3,3.7,2.2,MIA,2022,27,1
1631116,Patrick Baldwin Jr.,99,362,200,45,3.7,2.0,0.5,GSW,2022,28,1
1631102,TyTy Washington Jr.,64,211,65,78,3.3,1.0,1.2,MEM,2022,29,1
1631212,Peyton Watson,220,1889,768,287,8.6,3.5,1.3,OKC,2022,30,1
1629614,Andrew Nembhard,255,2807,689,1293,11.0,2.7,5.1,IND,2022,31,2
1631216,Caleb Houstan,179,708,264,96,4.0,1.5,0.5,ORL,2022,32,2
1631132,Christian Koloko,116,332,333,61,2.9,2.9,0.5,TOR,2022,33,2
1631119,Jaylin Williams,212,1162,974,424,5.5,4.6,2.0,OKC,2022,34,2
1631108,Max Christie,241,1888,666,347,7.8,2.8,1.4,LAL,2022,35,2
1630702,Jaden Hardy,218,1758,369,287,8.1,1.7,1.3,SAC,2022,37,2
1631113,Kennedy Chandler,36,78,38,58,2.2,1.1,1.6,SAS,2022,38,2
1631121,Bryce McGowens,156,875,276,163,5.6,1.8,1.0,MIN,2022,40,2
1630604,E.J. Liddell,30,47,25,4,1.6,0.8,0.1,NOP,2022,41,2
1631211,Trevor Keels,4,3,3,0,0.8,0.8,0.0,NYK,2022,42,2
1631217,Moussa Diabaté,157,938,972,156,6.0,6.2,1.0,LAC,2022,43,2
1631157,Ryan Rollins,139,1392,400,436,10.0,2.9,3.1,ATL,2022,44,2
1631169,Josh Minott,129,421,211,66,3.3,1.6,0.5,CHA,2022,45,2
1631246,Vince Williams Jr.,134,1030,558,400,7.7,4.2,3.0,MEM,2022,47,2
1631112,Kendall Brown,21,30,11,8,1.4,0.5,0.4,MIN,2022,48,2
1630600,Isaiah Mobley,23,60,34,14,2.6,1.5,0.6,CLE,2022,49,2
1631213,Tyrese Martin,115,816,337,194,7.1,2.9,1.7,GSW,2022,51,2
1631255,Karlo Matković,91,585,378,89,6.4,4.2,1.0,NOP,2022,52,2
1631120,JD Davison,61,123,55,62,2.0,0.9,1.0,BOS,2022,53,2
1630611,Gui Santos,129,646,390,181,5.0,3.0,1.4,GSW,2022,55,2
1631247,Luke Travers,24,40,44,17,1.7,1.8,0.7,CLE,2022,56,2
1631133,Jabari Walker,238,1345,999,166,5.7,4.2,0.7,POR,2022,57,2
